difficulty,q_no_in_difficulty,format,stem,options_json,correct_answer_json,explanation,source_type,source_ref,tags_json,qa_status,is_active
easy,1,mcq,Choose the best description of networking.,"{""choices"":[""linking devices to share data"",""storing files on one offline computer"",""using one device with no connections"",""deleting data from all devices""]}","{""choice"":""linking devices to share data""}",A network is a set of connected devices that can exchange data and resources.,adapted_exam,U1 DT 2025 Q8(d) + MS,"[""networking_definition""]",published,true
easy,2,mcq,Which option is correct for LAN?,"{""choices"":[""LAN"",""WAN"",""Intranet"",""Ring""]}","{""choice"":""LAN""}","A LAN usually serves a local site such as a school, home, or office building.",adapted_exam,U1 DT 2024 Q1(c) + MS,"[""lan""]",published,true
easy,3,mcq,Select the accurate option for WAN.,"{""choices"":[""World area network"",""LAN"",""WAN"",""Wired applications network""]}","{""choice"":""WAN""}","A WAN spans large distances, often connecting sites in different towns or countries.",adapted_exam,U1 DT 2024 Q1(b) + MS,"[""wan""]",published,true
easy,4,mcq,Choose the best description of internet.,"{""choices"":[""private organisational network"",""single network in one building"",""global network of networks"",""collection of linked web pages""]}","{""choice"":""global network of networks""}",The internet links many networks together worldwide.,adapted_exam,U1 DT 2025 Q8(b) + MS,"[""internet_definition""]",published,true
easy,5,mcq,Which option is correct for World Wide Web?,"{""choices"":[""collection of linked web pages on web servers"",""global physical cable backbone"",""private internal staff network"",""device-to-device short-range link""]}","{""choice"":""collection of linked web pages on web servers""}",The web is one service that runs on the internet and provides linked pages.,adapted_exam,U1 DT 2025 Q8(b) + MS,"[""www_definition""]",published,true
easy,6,mcq,Select the accurate option for internet vs world wide web.,"{""choices"":[""internet is network; web is application"",""internet is only email"",""web is hardware"",""both terms mean exactly the same""]}","{""choice"":""internet is network; web is application""}",The internet is the infrastructure; the web is one service that uses it.,adapted_exam,U1 DT 2025 Q8(c) + MS,"[""internet_vs_www""]",published,true
easy,7,mcq,Choose the best description of intranet.,"{""choices"":[""private organisational network"",""large geographical network"",""global public network"",""wireless headset pairing""]}","{""choice"":""private organisational network""}",An intranet is restricted to authorised people inside an organisation.,adapted_exam,U1 DT 2019 Q6(a)(iii) + MS,"[""intranet""]",published,true
easy,8,mcq,Which option is correct for IoT?,"{""choices"":[""only social media accounts"",""physical devices connected to the internet"",""only desktop computers"",""printed barcodes on paper""]}","{""choice"":""physical devices connected to the internet""}",IoT refers to connected physical devices such as sensors and smart home equipment.,adapted_exam,U1 DT 2025 Q8(a) + MS,"[""iot""]",published,true
easy,9,mcq,Select the accurate option for Wi-Fi.,"{""choices"":[""short-range personal pairing only"",""wireless network access in homes/schools"",""main cable in a bus network"",""light-based long-distance cable system""]}","{""choice"":""wireless network access in homes/schools""}",Wi-Fi provides wireless access to a local network and internet.,adapted_exam,U1 DT 2023 Q6(a) + MS,"[""wifi""]",published,true
easy,10,mcq,Choose the best description of Bluetooth.,"{""choices"":[""global network of networks"",""main cable in a bus topology"",""short-range wireless technology"",""long-distance fixed cable backbone""]}","{""choice"":""short-range wireless technology""}",Bluetooth is commonly used for links such as phone-to-headphones or watch-to-phone.,adapted_exam,U1 DT 2025 Q8(c) + MS,"[""bluetooth""]",published,true
easy,11,mcq,Which option is correct for optical fibre?,"{""choices"":[""light signals"",""audio waves"",""electrical signals"",""magnetic tape""]}","{""choice"":""light signals""}",Fibre-optic cables use pulses of light to carry data.,adapted_exam,U1 DT 2022 Q8(d) + MS,"[""optical_fibre_signals""]",published,true
easy,12,mcq,Select the accurate option for optical fibre bandwidth.,"{""choices"":[""no data capacity"",""text only"",""very low bandwidth"",""high bandwidth""]}","{""choice"":""high bandwidth""}",Fibre is designed to carry large amounts of data quickly.,adapted_exam,U1 DT 2022 Q8(d) + MS,"[""optical_fibre_bandwidth""]",published,true
easy,13,mcq,Choose the best description of optical fibre interference.,"{""choices"":[""cannot carry data"",""wireless only"",""more susceptible to interference"",""less susceptible to interference""]}","{""choice"":""less susceptible to interference""}",Fibre is less affected by electromagnetic interference than copper cables.,adapted_exam,U1 DT 2022 Q8(d) + MS,"[""optical_fibre_interference""]",published,true
easy,14,mcq,Which option is correct for optical fibre security?,"{""choices"":[""easier to intercept than copper"",""always publicly broadcast"",""cannot be made secure"",""harder to intercept than copper""]}","{""choice"":""harder to intercept than copper""}",Fibre is typically harder to tap without detection than copper cabling.,adapted_exam,U1 DT 2022 Q8(d) + MS,"[""optical_fibre_security""]",published,true
easy,15,mcq,Select the accurate option for best medium while travelling.,"{""choices"":[""Bluetooth"",""Fibre-optic"",""5G"",""Wi-Fi""]}","{""choice"":""5G""}",Mobile broadband such as 5G is used when travelling away from fixed networks.,adapted_exam,U1 DT 2023 Q6(a) + MS,"[""mobile_5g""]",published,true
easy,16,mcq,Choose the best description of NIC purpose.,"{""choices"":[""connect to and communicate on a network"",""prints paper documents"",""creates topology diagrams"",""stores shared files""]}","{""choice"":""connect to and communicate on a network""}",A network interface card provides the hardware interface for network access.,adapted_exam,U1 DT 2023 Q7(e) + MS,"[""nic""]",published,true
easy,17,mcq,Which option is correct for switch function?,"{""choices"":[""creates wireless signals only"",""connects devices in a lan and forwards data"",""stores files for all users"",""connects countries globally""]}","{""choice"":""connects devices in a lan and forwards data""}","A switch operates inside a LAN, sending traffic to the correct destination.",adapted_exam,U1 DT 2021 Q6(1) + MS,"[""switch""]",published,true
easy,18,mcq,Select the accurate option for router function.,"{""choices"":[""connects networks and routes packets"",""joins nodes to one backbone cable"",""stores documents centrally"",""acts as a workstation""]}","{""choice"":""connects networks and routes packets""}","Routers direct traffic between networks, including between a LAN and the internet.",adapted_exam,"U1 DT 2021 Q6(2), 2023 Q6(b) + MS","[""router""]",published,true
easy,19,mcq,Choose the best description of file server purpose.,"{""choices"":[""stores shared files for network users"",""routes internet packets"",""pairs bluetooth accessories"",""ends a bus cable""]}","{""choice"":""stores shared files for network users""}",A file server gives centralised access to shared resources in a network.,adapted_exam,U1 DT 2021 Q6(1) + MS,"[""file_server""]",published,true
easy,20,mcq,Which option is correct for wired LAN setup?,"{""choices"":[""single global internet cable"",""wireless-only satellite link"",""wired connection to switch"",""social media platform""]}","{""choice"":""wired connection to switch""}","In wired LANs, Ethernet cabling links network devices to switches.",adapted_exam,U1 DT 2023 Q6(b) + MS,"[""ethernet_switch""]",published,true
easy,21,mcq,Select the accurate option for network advantages.,"{""choices"":[""removes all failures"",""eliminates all maintenance"",""prevents updates"",""share files hardware and communication""]}","{""choice"":""share files hardware and communication""}",Typical network benefits are resource sharing and easier collaboration.,adapted_exam,"U1 DT 2019 Q6(a)(ii), 2025 Q8(d) + MS","[""network_advantages""]",published,true
easy,22,mcq,Choose the best description of bus topology structure.,"{""choices"":[""nodes connect in a closed ring"",""all nodes connect to central switch"",""every node connects to every node"",""all nodes connect to one backbone cable""]}","{""choice"":""all nodes connect to one backbone cable""}",Bus topology uses one main cable shared by all connected nodes.,adapted_exam,"U1 DT 2023 Q7(b)(i), Q7(c) + MS","[""bus_topology""]",published,true
easy,23,mcq,Which option is correct for bus topology disadvantages?,"{""choices"":[""no collisions occur"",""one cable fault affects only one workstation"",""performance always improves with more nodes"",""if backbone cable fails network fails""]}","{""choice"":""if backbone cable fails network fails""}",A single backbone fault can stop communication for the whole bus network.,adapted_exam,U1 DT 2023 Q7(b)(ii) + MS,"[""bus_disadvantage""]",published,true
easy,24,mcq,Select the accurate option for backbone.,"{""choices"":[""main cable in bus network"",""central server in star"",""wireless hotspot"",""ring token""]}","{""choice"":""main cable in bus network""}",All devices in a bus topology connect to the backbone cable.,adapted_exam,"U1 DT 2023 Q7(b)(iii), 2025 Q13 + MS","[""backbone""]",published,true
easy,25,mcq,Choose the best description of terminator purpose.,"{""choices"":[""stores user files"",""converts bus to ring"",""stop signal bounce on bus cable"",""increases bluetooth range""]}","{""choice"":""stop signal bounce on bus cable""}",Terminators absorb signals at cable ends to reduce distortion and data loss.,adapted_exam,U1 DT 2023 Q7(b)(iii) + MS,"[""terminator""]",published,true
easy,26,mcq,Which option is correct for ring topology?,"{""choices"":[""all devices share one backbone only"",""no cables are used"",""all devices connect to central switch"",""data passes from one node/workstation to another""]}","{""choice"":""data passes from one node/workstation to another""}",Ring topology sends data around the loop via each connected node.,adapted_exam,"U1 DT 2023 Q7(c), 2022 Q7(a) + MS","[""ring_topology""]",published,true
easy,27,mcq,Select the accurate option for star topology structure.,"{""choices"":[""no central device is used"",""devices share one backbone cable"",""all devices connect to central server/switch/hub"",""devices connect in one circle""]}","{""choice"":""all devices connect to central server/switch/hub""}",Star networks use a central point with separate links to each workstation.,adapted_exam,"U1 DT 2019 Q6(d)(i), 2024 Q6(a) + MS","[""star_topology""]",published,true
easy,28,mcq,Choose the best description of star advantage.,"{""choices"":[""new workstations cannot be added"",""if one workstation fails others can continue"",""one workstation failure stops all devices"",""star has no performance benefits""]}","{""choice"":""if one workstation fails others can continue""}",Separate links mean faults are often isolated to one device connection.,adapted_exam,"U1 DT 2024 Q6(a), 2019 Q6(d)(ii) + MS","[""star_advantage""]",published,true
easy,29,mcq,Which option is correct for name of backbone topology?,"{""choices"":[""wan"",""ring"",""star"",""bus""]}","{""choice"":""bus""}",Bus topology is identified by a shared backbone cable.,adapted_exam,U1 DT 2023 Q7(b)(i) + MS,"[""topology_bus_name""]",published,true
easy,30,mcq,Which option correctly matches this task: phone to wireless headphones?,"{""choices"":[""Fibre-optic"",""Bluetooth"",""5G"",""Wi-Fi""]}","{""choice"":""Bluetooth""}",Bluetooth is the expected short-range medium for personal peripherals.,adapted_exam,U1 DT 2023 Q6(a) + MS,"[""media_headphones""]",published,true
easy,31,fill_gap,Fill the gap: A ____ covers a small geographical area such as one building.,null,"{""accepted"":[""LAN"",""local area network""]}","A LAN usually serves a local site such as a school, home, or office building.",adapted_exam,U1 DT 2024 Q1(c) + MS,"[""lan""]",published,true
easy,32,fill_gap,Fill the gap: A ____ connects networks across a large geographical area.,null,"{""accepted"":[""WAN"",""wide area network""]}","A WAN spans large distances, often connecting sites in different towns or countries.",adapted_exam,U1 DT 2024 Q1(b) + MS,"[""wan""]",published,true
easy,33,fill_gap,Fill the gap: The internet is a global network of ____.,null,"{""accepted"":[""networks"",""networks of networks"",""global network of networks"",""a large global network of networks"",""large global network of networks""]}",The internet links many networks together worldwide.,adapted_exam,U1 DT 2025 Q8(b) + MS,"[""internet_definition""]",published,true
easy,34,fill_gap,Fill the gap: An intranet is a ____ organisational network.,null,"{""accepted"":[""private"",""private organisational network"",""private network owned and managed by an organisation"",""private network for employees""]}",An intranet is restricted to authorised people inside an organisation.,adapted_exam,U1 DT 2019 Q6(a)(iii) + MS,"[""intranet""]",published,true
easy,35,fill_gap,Fill the gap: IoT refers to ____ devices connected to the internet.,null,"{""accepted"":[""physical"",""smart"",""physical smart"",""physical devices connected to the internet"",""devices connected to the internet"",""physical smart devices connected to the internet""]}",IoT refers to connected physical devices such as sensors and smart home equipment.,adapted_exam,U1 DT 2025 Q8(a) + MS,"[""iot""]",published,true
easy,36,fill_gap,Fill the gap: Bluetooth is a ____-range wireless technology.,null,"{""accepted"":[""short"",""short-range"",""short range"",""short-range wireless technology"",""short range wireless communication technology""]}",Bluetooth is commonly used for links such as phone-to-headphones or watch-to-phone.,adapted_exam,U1 DT 2025 Q8(c) + MS,"[""bluetooth""]",published,true
easy,37,fill_gap,Fill the gap: A smart TV usually connects to a home network using ____.,null,"{""accepted"":[""Wi-Fi"",""WiFi"",""wireless"",""wireless network access in homes/schools"",""wireless local network access"",""connect devices wirelessly to a local network""]}",Wi-Fi provides wireless access to a local network and internet.,adapted_exam,U1 DT 2023 Q6(a) + MS,"[""wifi""]",published,true
easy,38,fill_gap,Fill the gap: Fibre-optic cables carry data as ____ signals.,null,"{""accepted"":[""light"",""light signals"",""pulses of light"",""data transmitted as light""]}",Fibre-optic cables use pulses of light to carry data.,adapted_exam,U1 DT 2022 Q8(d) + MS,"[""optical_fibre_signals""]",published,true
easy,39,fill_gap,Fill the gap: Fibre-optic cable has ____ bandwidth.,null,"{""accepted"":[""high"",""high bandwidth"",""has a high bandwidth""]}",Fibre is designed to carry large amounts of data quickly.,adapted_exam,U1 DT 2022 Q8(d) + MS,"[""optical_fibre_bandwidth""]",published,true
easy,40,fill_gap,Fill the gap: Fibre-optic cable is less susceptible to ____.,null,"{""accepted"":[""interference"",""less susceptible to interference"",""low interference"",""less affected by interference""]}",Fibre is less affected by electromagnetic interference than copper cables.,adapted_exam,U1 DT 2022 Q8(d) + MS,"[""optical_fibre_interference""]",published,true
easy,41,fill_gap,Fill the gap: Data on fibre is generally ____ to intercept than copper.,null,"{""accepted"":[""harder"",""more difficult"",""harder to intercept than copper"",""not easier to intercept than copper"",""more secure than copper for interception""]}",Fibre is typically harder to tap without detection than copper cabling.,adapted_exam,U1 DT 2022 Q8(d) + MS,"[""optical_fibre_security""]",published,true
easy,42,fill_gap,Fill the gap: Accessing company files while travelling often uses ____.,null,"{""accepted"":[""5G"",""5 g""]}",Mobile broadband such as 5G is used when travelling away from fixed networks.,adapted_exam,U1 DT 2023 Q6(a) + MS,"[""mobile_5g""]",published,true
easy,43,fill_gap,Fill the gap: A ____ connects a LAN to the internet.,null,"{""accepted"":[""router"",""connects networks and routes packets"",""joins two or more networks"",""forwards packets from one network to another""]}","Routers direct traffic between networks, including between a LAN and the internet.",adapted_exam,"U1 DT 2021 Q6(2), 2023 Q6(b) + MS","[""router""]",published,true
easy,44,fill_gap,"Fill the gap: On a wired LAN, each device connects to a ____ using Ethernet cables.",null,"{""accepted"":[""switch"",""network switch"",""wired connection to switch"",""devices connect to a switch with ethernet cables"",""ethernet cable to switch""]}","In wired LANs, Ethernet cabling links network devices to switches.",adapted_exam,U1 DT 2023 Q6(b) + MS,"[""ethernet_switch""]",published,true
easy,45,fill_gap,Fill the gap: A NIC allows a device to ____ and communicate on a network.,null,"{""accepted"":[""connect"",""join"",""connect to and communicate on a network"",""allows device to connect to a network"",""network connection and communication""]}",A network interface card provides the hardware interface for network access.,adapted_exam,U1 DT 2023 Q7(e) + MS,"[""nic""]",published,true
easy,46,fill_gap,"Fill the gap: In a bus topology, the main cable is called the ____.",null,"{""accepted"":[""backbone"",""backbone cable"",""main cable in bus network"",""main cable"",""bus main cable""]}",All devices in a bus topology connect to the backbone cable.,adapted_exam,"U1 DT 2023 Q7(b)(iii), 2025 Q13 + MS","[""backbone""]",published,true
easy,47,fill_gap,Fill the gap: A ____ is fitted at each end of a bus cable.,null,"{""accepted"":[""terminator"",""terminators"",""stop signal bounce on bus cable"",""stops signal returning down the backbone"",""absorbs signal to reduce collisions""]}",Terminators absorb signals at cable ends to reduce distortion and data loss.,adapted_exam,U1 DT 2023 Q7(b)(iii) + MS,"[""terminator""]",published,true
easy,48,fill_gap,Fill the gap: A closed-loop network is a ____ topology.,null,"{""accepted"":[""ring"",""ring topology""]}","In ring topology, each node is connected in a closed path.",adapted_exam,U1 DT 2022 Q7(a)(i) + MS,"[""topology_ring_name""]",published,true
easy,49,fill_gap,Fill the gap: A network with one backbone cable is a ____ topology.,null,"{""accepted"":[""bus"",""bus topology"",""bus network""]}",Bus topology is identified by a shared backbone cable.,adapted_exam,U1 DT 2023 Q7(b)(i) + MS,"[""topology_bus_name""]",published,true
easy,50,fill_gap,Fill the gap: A network with one central connection point is a ____ topology.,null,"{""accepted"":[""star"",""star topology"",""star network""]}",Star topology uses a central node and separate device links.,adapted_exam,"U1 DT 2019 Q6(d)(i), 2024 Q6(a) + MS","[""topology_star_name""]",published,true
easy,51,match_table,Match each item to the correct term or definition.,"{""pairs"":[{""left"":""Connect phone to wireless headphones"",""right"":""Bluetooth""},{""left"":""Access cloud files while travelling"",""right"":""5G""},{""left"":""Connect a smart TV to home network"",""right"":""Wi-Fi""},{""left"":""Connect business LAN to internet"",""right"":""Fibre-optic""}],""choices"":[""Bluetooth"",""5G"",""Wi-Fi"",""Fibre-optic""]}","{""pairs"":{""Connect phone to wireless headphones"":""Bluetooth"",""Access cloud files while travelling"":""5G"",""Connect a smart TV to home network"":""Wi-Fi"",""Connect business LAN to internet"":""Fibre-optic""}}","Phone-headphones uses Bluetooth, travelling cloud access uses 5G, home smart TV uses Wi-Fi, and business LAN internet often uses fibre.",adapted_exam,U1 DT 2023 Q6(a) + MS,"[""easy_match_media""]",published,true
easy,52,match_table,Match each item to the correct term or definition.,"{""pairs"":[{""left"":""LAN"",""right"":""Small geographical network""},{""left"":""WAN"",""right"":""Large geographical network""},{""left"":""Internet"",""right"":""Global network of networks""},{""left"":""Intranet"",""right"":""Private organisational network""}],""choices"":[""Collection of linked pages"",""Private organisational network"",""Global network of networks"",""Large geographical network"",""Small geographical network""]}","{""pairs"":{""LAN"":""Small geographical network"",""WAN"":""Large geographical network"",""Internet"":""Global network of networks"",""Intranet"":""Private organisational network""}}","LAN and WAN are network sizes, internet is global public infrastructure, and intranet is private organisational access.",adapted_exam,"U1 DT 2019 Q6(a), 2024 Q1(b)(c), 2025 Q8(b) + MS","[""easy_match_terms""]",published,true
easy,53,match_table,Match each item to the correct term or definition.,"{""pairs"":[{""left"":""Connects networks"",""right"":""Router""},{""left"":""Connects devices in one LAN"",""right"":""Switch""},{""left"":""Lets a computer join a network"",""right"":""NIC""},{""left"":""Stores shared files"",""right"":""File server""}],""choices"":[""Router"",""Switch"",""NIC"",""File server"",""Terminator""]}","{""pairs"":{""Connects networks"":""Router"",""Connects devices in one LAN"":""Switch"",""Lets a computer join a network"":""NIC"",""Stores shared files"":""File server""}}","Router joins networks, switch manages LAN traffic, NIC enables connection, and file server stores shared files.",adapted_exam,"U1 DT 2021 Q6, 2023 Q6(b), 2023 Q7(e) + MS","[""easy_match_device_roles""]",published,true
easy,54,match_table,Match each item to the correct term or definition.,"{""pairs"":[{""left"":""Fibre has high bandwidth"",""right"":""True""},{""left"":""Fibre transmits data as electrical signals"",""right"":""False""},{""left"":""Fibre is less susceptible to interference"",""right"":""True""},{""left"":""Fibre data is easier to intercept than copper"",""right"":""False""}],""choices"":[""False"",""True""]}","{""pairs"":{""Fibre has high bandwidth"":""True"",""Fibre transmits data as electrical signals"":""False"",""Fibre is less susceptible to interference"":""True"",""Fibre data is easier to intercept than copper"":""False""}}","CCEA fibre facts: high bandwidth, light transmission, lower interference, and not easier to intercept than copper.",adapted_exam,U1 DT 2022 Q8(d) + MS,"[""easy_match_fibre_true_false""]",published,true
easy,55,match_table,Match each item to the correct term or definition.,"{""pairs"":[{""left"":""Devices connect to one central point"",""right"":""Star""},{""left"":""All nodes share one backbone cable"",""right"":""Bus""},{""left"":""Devices form a closed loop"",""right"":""Ring""},{""left"":""Terminators needed at both ends"",""right"":""Bus""}],""choices"":[""Star"",""Bus"",""Ring"",""LAN""]}","{""pairs"":{""Devices connect to one central point"":""Star"",""All nodes share one backbone cable"":""Bus"",""Devices form a closed loop"":""Ring"",""Terminators needed at both ends"":""Bus""}}",Star means central point; bus means shared backbone and terminators; ring means closed loop.,adapted_exam,"U1 DT 2019 Q6, 2022 Q7(a), 2023 Q7(b)(c), 2024 Q6(a) + MS","[""easy_match_topology""]",published,true
easy,56,match_table,Match each item to the correct term or definition.,"{""pairs"":[{""left"":""Connect phone to wireless headphones"",""right"":""Bluetooth""},{""left"":""Access cloud files while travelling"",""right"":""5G""},{""left"":""Connect a smart TV to home network"",""right"":""Wi-Fi""},{""left"":""Connect business LAN to internet"",""right"":""Fibre-optic""}],""choices"":[""Fibre-optic"",""Wi-Fi"",""5G"",""Bluetooth""]}","{""pairs"":{""Connect phone to wireless headphones"":""Bluetooth"",""Access cloud files while travelling"":""5G"",""Connect a smart TV to home network"":""Wi-Fi"",""Connect business LAN to internet"":""Fibre-optic""}}","Phone-headphones uses Bluetooth, travelling cloud access uses 5G, home smart TV uses Wi-Fi, and business LAN internet often uses fibre.",adapted_exam,U1 DT 2023 Q6(a) + MS,"[""easy_match_media""]",published,true
easy,57,match_table,Match each item to the correct term or definition.,"{""pairs"":[{""left"":""LAN"",""right"":""Small geographical network""},{""left"":""WAN"",""right"":""Large geographical network""},{""left"":""Internet"",""right"":""Global network of networks""},{""left"":""Intranet"",""right"":""Private organisational network""}],""choices"":[""Small geographical network"",""Large geographical network"",""Global network of networks"",""Private organisational network"",""Collection of linked pages""]}","{""pairs"":{""LAN"":""Small geographical network"",""WAN"":""Large geographical network"",""Internet"":""Global network of networks"",""Intranet"":""Private organisational network""}}","LAN and WAN are network sizes, internet is global public infrastructure, and intranet is private organisational access.",adapted_exam,"U1 DT 2019 Q6(a), 2024 Q1(b)(c), 2025 Q8(b) + MS","[""easy_match_terms""]",published,true
easy,58,match_table,Match each item to the correct term or definition.,"{""pairs"":[{""left"":""Connects networks"",""right"":""Router""},{""left"":""Connects devices in one LAN"",""right"":""Switch""},{""left"":""Lets a computer join a network"",""right"":""NIC""},{""left"":""Stores shared files"",""right"":""File server""}],""choices"":[""Terminator"",""File server"",""NIC"",""Switch"",""Router""]}","{""pairs"":{""Connects networks"":""Router"",""Connects devices in one LAN"":""Switch"",""Lets a computer join a network"":""NIC"",""Stores shared files"":""File server""}}","Router joins networks, switch manages LAN traffic, NIC enables connection, and file server stores shared files.",adapted_exam,"U1 DT 2021 Q6, 2023 Q6(b), 2023 Q7(e) + MS","[""easy_match_device_roles""]",published,true
easy,59,match_table,Match each item to the correct term or definition.,"{""pairs"":[{""left"":""Fibre has high bandwidth"",""right"":""True""},{""left"":""Fibre transmits data as electrical signals"",""right"":""False""},{""left"":""Fibre is less susceptible to interference"",""right"":""True""},{""left"":""Fibre data is easier to intercept than copper"",""right"":""False""}],""choices"":[""True"",""False""]}","{""pairs"":{""Fibre has high bandwidth"":""True"",""Fibre transmits data as electrical signals"":""False"",""Fibre is less susceptible to interference"":""True"",""Fibre data is easier to intercept than copper"":""False""}}","CCEA fibre facts: high bandwidth, light transmission, lower interference, and not easier to intercept than copper.",adapted_exam,U1 DT 2022 Q8(d) + MS,"[""easy_match_fibre_true_false""]",published,true
easy,60,match_table,Match each item to the correct term or definition.,"{""pairs"":[{""left"":""Devices connect to one central point"",""right"":""Star""},{""left"":""All nodes share one backbone cable"",""right"":""Bus""},{""left"":""Devices form a closed loop"",""right"":""Ring""},{""left"":""Terminators needed at both ends"",""right"":""Bus""}],""choices"":[""LAN"",""Ring"",""Bus"",""Star""]}","{""pairs"":{""Devices connect to one central point"":""Star"",""All nodes share one backbone cable"":""Bus"",""Devices form a closed loop"":""Ring"",""Terminators needed at both ends"":""Bus""}}",Star means central point; bus means shared backbone and terminators; ring means closed loop.,adapted_exam,"U1 DT 2019 Q6, 2022 Q7(a), 2023 Q7(b)(c), 2024 Q6(a) + MS","[""easy_match_topology""]",published,true
medium,1,mcq,Choose the best description of LAN.,"{""choices"":[""Ring"",""Intranet"",""LAN"",""WAN""]}","{""choice"":""LAN""}","A LAN usually serves a local site such as a school, home, or office building.",adapted_exam,U1 DT 2024 Q1(c) + MS,"[""lan""]",published,true
medium,2,mcq,Which option is correct for WAN?,"{""choices"":[""World area network"",""WAN"",""LAN"",""Wired applications network""]}","{""choice"":""WAN""}","A WAN spans large distances, often connecting sites in different towns or countries.",adapted_exam,U1 DT 2024 Q1(b) + MS,"[""wan""]",published,true
medium,3,mcq,Select the accurate option for internet.,"{""choices"":[""collection of linked web pages"",""private organisational network"",""single network in one building"",""global network of networks""]}","{""choice"":""global network of networks""}",The internet links many networks together worldwide.,adapted_exam,U1 DT 2025 Q8(b) + MS,"[""internet_definition""]",published,true
medium,4,mcq,Choose the best description of World Wide Web.,"{""choices"":[""private internal staff network"",""device-to-device short-range link"",""global physical cable backbone"",""collection of linked web pages on web servers""]}","{""choice"":""collection of linked web pages on web servers""}",The web is one service that runs on the internet and provides linked pages.,adapted_exam,U1 DT 2025 Q8(b) + MS,"[""www_definition""]",published,true
medium,5,mcq,Which option is correct for internet vs world wide web?,"{""choices"":[""internet is network; web is application"",""both terms mean exactly the same"",""web is hardware"",""internet is only email""]}","{""choice"":""internet is network; web is application""}",The internet is the infrastructure; the web is one service that uses it.,adapted_exam,U1 DT 2025 Q8(c) + MS,"[""internet_vs_www""]",published,true
medium,6,mcq,Select the accurate option for IoT.,"{""choices"":[""printed barcodes on paper"",""only social media accounts"",""physical devices connected to the internet"",""only desktop computers""]}","{""choice"":""physical devices connected to the internet""}",IoT refers to connected physical devices such as sensors and smart home equipment.,adapted_exam,U1 DT 2025 Q8(a) + MS,"[""iot""]",published,true
medium,7,mcq,Choose the best description of Wi-Fi.,"{""choices"":[""wireless network access in homes/schools"",""main cable in a bus network"",""light-based long-distance cable system"",""short-range personal pairing only""]}","{""choice"":""wireless network access in homes/schools""}",Wi-Fi provides wireless access to a local network and internet.,adapted_exam,U1 DT 2023 Q6(a) + MS,"[""wifi""]",published,true
medium,8,mcq,Which option is correct for Bluetooth?,"{""choices"":[""long-distance fixed cable backbone"",""global network of networks"",""main cable in a bus topology"",""short-range wireless technology""]}","{""choice"":""short-range wireless technology""}",Bluetooth is commonly used for links such as phone-to-headphones or watch-to-phone.,adapted_exam,U1 DT 2025 Q8(c) + MS,"[""bluetooth""]",published,true
medium,9,mcq,Select the accurate option for optical fibre.,"{""choices"":[""audio waves"",""electrical signals"",""magnetic tape"",""light signals""]}","{""choice"":""light signals""}",Fibre-optic cables use pulses of light to carry data.,adapted_exam,U1 DT 2022 Q8(d) + MS,"[""optical_fibre_signals""]",published,true
medium,10,mcq,Choose the best description of optical fibre security.,"{""choices"":[""easier to intercept than copper"",""cannot be made secure"",""harder to intercept than copper"",""always publicly broadcast""]}","{""choice"":""harder to intercept than copper""}",Fibre is typically harder to tap without detection than copper cabling.,adapted_exam,U1 DT 2022 Q8(d) + MS,"[""optical_fibre_security""]",published,true
medium,11,mcq,Which option is correct for best medium while travelling?,"{""choices"":[""5G"",""Bluetooth"",""Wi-Fi"",""Fibre-optic""]}","{""choice"":""5G""}",Mobile broadband such as 5G is used when travelling away from fixed networks.,adapted_exam,U1 DT 2023 Q6(a) + MS,"[""mobile_5g""]",published,true
medium,12,mcq,Select the accurate option for NIC purpose.,"{""choices"":[""connect to and communicate on a network"",""prints paper documents"",""stores shared files"",""creates topology diagrams""]}","{""choice"":""connect to and communicate on a network""}",A network interface card provides the hardware interface for network access.,adapted_exam,U1 DT 2023 Q7(e) + MS,"[""nic""]",published,true
medium,13,mcq,Choose the best description of switch function.,"{""choices"":[""connects devices in a lan and forwards data"",""connects countries globally"",""creates wireless signals only"",""stores files for all users""]}","{""choice"":""connects devices in a lan and forwards data""}","A switch operates inside a LAN, sending traffic to the correct destination.",new_original,U1 DT 2021 Q6(1) + MS; Network_Technologies_Notes.docx,"[""switch""]",published,true
medium,14,mcq,Which option is correct for router function?,"{""choices"":[""connects networks and routes packets"",""joins nodes to one backbone cable"",""stores documents centrally"",""acts as a workstation""]}","{""choice"":""connects networks and routes packets""}","Routers direct traffic between networks, including between a LAN and the internet.",new_original,"U1 DT 2021 Q6(2), 2023 Q6(b) + MS; Network_Technologies_Notes.docx","[""router""]",published,true
medium,15,mcq,Select the accurate option for file server purpose.,"{""choices"":[""ends a bus cable"",""routes internet packets"",""pairs bluetooth accessories"",""stores shared files for network users""]}","{""choice"":""stores shared files for network users""}",A file server gives centralised access to shared resources in a network.,new_original,U1 DT 2021 Q6(1) + MS; Network_Technologies_Notes.docx,"[""file_server""]",published,true
medium,16,mcq,Choose the best description of bus topology structure.,"{""choices"":[""all nodes connect to central switch"",""nodes connect in a closed ring"",""every node connects to every node"",""all nodes connect to one backbone cable""]}","{""choice"":""all nodes connect to one backbone cable""}",Bus topology uses one main cable shared by all connected nodes.,new_original,"U1 DT 2023 Q7(b)(i), Q7(c) + MS; Network_Technologies_Notes.docx","[""bus_topology""]",published,true
medium,17,mcq,Which option is correct for bus topology disadvantages?,"{""choices"":[""no collisions occur"",""if backbone cable fails network fails"",""performance always improves with more nodes"",""one cable fault affects only one workstation""]}","{""choice"":""if backbone cable fails network fails""}",A single backbone fault can stop communication for the whole bus network.,new_original,U1 DT 2023 Q7(b)(ii) + MS; Network_Technologies_Notes.docx,"[""bus_disadvantage""]",published,true
medium,18,mcq,Select the accurate option for ring topology.,"{""choices"":[""no cables are used"",""data passes from one node/workstation to another"",""all devices share one backbone only"",""all devices connect to central switch""]}","{""choice"":""data passes from one node/workstation to another""}",Ring topology sends data around the loop via each connected node.,new_original,"U1 DT 2023 Q7(c), 2022 Q7(a) + MS; Network_Technologies_Notes.docx","[""ring_topology""]",published,true
medium,19,mcq,Choose the best description of star topology structure.,"{""choices"":[""devices connect in one circle"",""all devices connect to central server/switch/hub"",""no central device is used"",""devices share one backbone cable""]}","{""choice"":""all devices connect to central server/switch/hub""}",Star networks use a central point with separate links to each workstation.,new_original,"U1 DT 2019 Q6(d)(i), 2024 Q6(a) + MS; Network_Technologies_Notes.docx","[""star_topology""]",published,true
medium,20,mcq,Which option is correct for star disadvantage?,"{""choices"":[""no cabling cost"",""if central device fails network fails"",""no setup required"",""cannot connect printers""]}","{""choice"":""if central device fails network fails""}",The central switch/server is a dependency in star topology.,new_original,"U1 DT 2019 Q6(d)(iii), 2024 Q6(a) + MS; Network_Technologies_Notes.docx","[""star_disadvantage""]",published,true
medium,21,fill_gap,Fill the gap: Fibre-optic cables carry data as ____ signals.,null,"{""accepted"":[""light"",""light signals"",""pulses of light"",""data transmitted as light""]}",Fibre-optic cables use pulses of light to carry data.,new_original,U1 DT 2022 Q8(d) + MS; Network_Technologies_Notes.docx,"[""optical_fibre_signals""]",published,true
medium,22,fill_gap,Fill the gap: Fibre-optic cable has ____ bandwidth.,null,"{""accepted"":[""high"",""high bandwidth"",""has a high bandwidth""]}",Fibre is designed to carry large amounts of data quickly.,new_original,U1 DT 2022 Q8(d) + MS; Network_Technologies_Notes.docx,"[""optical_fibre_bandwidth""]",published,true
medium,23,fill_gap,Fill the gap: Fibre-optic cable is less susceptible to ____.,null,"{""accepted"":[""interference"",""less susceptible to interference"",""low interference"",""less affected by interference""]}",Fibre is less affected by electromagnetic interference than copper cables.,new_original,U1 DT 2022 Q8(d) + MS; Network_Technologies_Notes.docx,"[""optical_fibre_interference""]",published,true
medium,24,fill_gap,Fill the gap: Data on fibre is generally ____ to intercept than copper.,null,"{""accepted"":[""harder"",""more difficult"",""harder to intercept than copper"",""not easier to intercept than copper"",""more secure than copper for interception""]}",Fibre is typically harder to tap without detection than copper cabling.,new_original,U1 DT 2022 Q8(d) + MS; Network_Technologies_Notes.docx,"[""optical_fibre_security""]",published,true
medium,25,fill_gap,Fill the gap: Accessing company files while travelling often uses ____.,null,"{""accepted"":[""5G"",""5 g""]}",Mobile broadband such as 5G is used when travelling away from fixed networks.,new_original,U1 DT 2023 Q6(a) + MS; Network_Technologies_Notes.docx,"[""mobile_5g""]",published,true
medium,26,fill_gap,Fill the gap: A ____ connects a LAN to the internet.,null,"{""accepted"":[""router"",""connects networks and routes packets"",""joins two or more networks"",""forwards packets from one network to another""]}","Routers direct traffic between networks, including between a LAN and the internet.",new_original,"U1 DT 2021 Q6(2), 2023 Q6(b) + MS; Network_Technologies_Notes.docx","[""router""]",published,true
medium,27,fill_gap,"Fill the gap: On a wired LAN, each device connects to a ____ using Ethernet cables.",null,"{""accepted"":[""switch"",""network switch"",""wired connection to switch"",""devices connect to a switch with ethernet cables"",""ethernet cable to switch""]}","In wired LANs, Ethernet cabling links network devices to switches.",new_original,U1 DT 2023 Q6(b) + MS; Network_Technologies_Notes.docx,"[""ethernet_switch""]",published,true
medium,28,fill_gap,Fill the gap: A NIC allows a device to ____ and communicate on a network.,null,"{""accepted"":[""connect"",""join"",""connect to and communicate on a network"",""allows device to connect to a network"",""network connection and communication""]}",A network interface card provides the hardware interface for network access.,new_original,U1 DT 2023 Q7(e) + MS; Network_Technologies_Notes.docx,"[""nic""]",published,true
medium,29,fill_gap,"Fill the gap: In a bus topology, the main cable is called the ____.",null,"{""accepted"":[""backbone"",""backbone cable"",""main cable in bus network"",""main cable"",""bus main cable""]}",All devices in a bus topology connect to the backbone cable.,new_original,"U1 DT 2023 Q7(b)(iii), 2025 Q13 + MS; Network_Technologies_Notes.docx","[""backbone""]",published,true
medium,30,fill_gap,Fill the gap: A ____ is fitted at each end of a bus cable.,null,"{""accepted"":[""terminator"",""terminators"",""stop signal bounce on bus cable"",""stops signal returning down the backbone"",""absorbs signal to reduce collisions""]}",Terminators absorb signals at cable ends to reduce distortion and data loss.,new_original,U1 DT 2023 Q7(b)(iii) + MS; Network_Technologies_Notes.docx,"[""terminator""]",published,true
medium,31,fill_gap,Fill the gap: A closed-loop network is a ____ topology.,null,"{""accepted"":[""ring"",""ring topology""]}","In ring topology, each node is connected in a closed path.",new_original,U1 DT 2022 Q7(a)(i) + MS; Network_Technologies_Notes.docx,"[""topology_ring_name""]",published,true
medium,32,fill_gap,Fill the gap: A network with one backbone cable is a ____ topology.,null,"{""accepted"":[""bus"",""bus topology"",""bus network""]}",Bus topology is identified by a shared backbone cable.,new_original,U1 DT 2023 Q7(b)(i) + MS; Network_Technologies_Notes.docx,"[""topology_bus_name""]",published,true
medium,33,fill_gap,Fill the gap: A network with one central connection point is a ____ topology.,null,"{""accepted"":[""star"",""star topology"",""star network""]}",Star topology uses a central node and separate device links.,new_original,"U1 DT 2019 Q6(d)(i), 2024 Q6(a) + MS; Network_Technologies_Notes.docx","[""topology_star_name""]",published,true
medium,34,fill_gap,Fill the gap: One advantage of networking is ____ files and hardware.,null,"{""accepted"":[""sharing"",""share"",""share files hardware and communication"",""share files and hardware"",""share software and communicate"",""access files from any networked computer""]}",Typical network benefits are resource sharing and easier collaboration.,new_original,"U1 DT 2019 Q6(a)(ii), 2025 Q8(d) + MS; Network_Technologies_Notes.docx","[""network_advantages""]",published,true
medium,35,fill_gap,"Fill the gap: In a ring network, data passes from one ____ to another.",null,"{""accepted"":[""node"",""workstation"",""device"",""data passes from one node/workstation to another"",""data passes workstation to workstation"",""data travels around the ring through each node""]}",Ring topology sends data around the loop via each connected node.,new_original,"U1 DT 2023 Q7(c), 2022 Q7(a) + MS; Network_Technologies_Notes.docx","[""ring_topology""]",published,true
medium,36,match_table,Match each item to the correct term or definition.,"{""pairs"":[{""left"":""Backbone cable fails"",""right"":""Bus communication fails""},{""left"":""Single workstation fails in star"",""right"":""Other nodes usually continue""},{""left"":""Central device fails in star"",""right"":""Whole star may stop""},{""left"":""Cable/node fails in ring"",""right"":""Ring can be disrupted""}],""choices"":[""Bus communication fails"",""Other nodes usually continue"",""Whole star may stop"",""Ring can be disrupted"",""No effect on any topology""]}","{""pairs"":{""Backbone cable fails"":""Bus communication fails"",""Single workstation fails in star"":""Other nodes usually continue"",""Central device fails in star"":""Whole star may stop"",""Cable/node fails in ring"":""Ring can be disrupted""}}","Bus depends on its backbone, star isolates single workstation faults but depends on the central device, and ring can be disrupted by single faults.",new_original,"U1 DT 2019 Q6(d), 2022 Q7(a), 2023 Q7(b), 2024 Q6(a) + MS; Network_Technologies_Notes.docx","[""medium_match_topology_effects""]",published,true
medium,37,match_table,Match each item to the correct term or definition.,"{""pairs"":[{""left"":""Main cable"",""right"":""Backbone""},{""left"":""End component"",""right"":""Terminator""},{""left"":""Connected device"",""right"":""Node/Workstation""},{""left"":""Typical issue if overloaded"",""right"":""Collisions""}],""choices"":[""Switch"",""Collisions"",""Node/Workstation"",""Terminator"",""Backbone""]}","{""pairs"":{""Main cable"":""Backbone"",""End component"":""Terminator"",""Connected device"":""Node/Workstation"",""Typical issue if overloaded"":""Collisions""}}","A bus network uses a backbone with terminators, connected nodes, and can suffer collisions.",new_original,U1 DT 2023 Q7(b)(c) + MS; Network_Technologies_Notes.docx,"[""medium_match_bus_parts""]",published,true
medium,38,match_table,Match each item to the correct term or definition.,"{""pairs"":[{""left"":""Global network of networks"",""right"":""Internet""},{""left"":""Collection of linked web pages"",""right"":""WWW""},{""left"":""Private organisational network"",""right"":""Intranet""},{""left"":""Physical connected devices online"",""right"":""IoT""}],""choices"":[""Internet"",""WWW"",""Intranet"",""IoT"",""LAN""]}","{""pairs"":{""Global network of networks"":""Internet"",""Collection of linked web pages"":""WWW"",""Private organisational network"":""Intranet"",""Physical connected devices online"":""IoT""}}","Internet is infrastructure, WWW is service/content, intranet is private, and IoT is connected physical devices.",new_original,U1 DT 2025 Q8(a)(b)(c) + MS; Network_Technologies_Notes.docx,"[""medium_match_internet_www""]",published,true
medium,39,match_table,Match each item to the correct term or definition.,"{""pairs"":[{""left"":""Watch to smartphone"",""right"":""Bluetooth""},{""left"":""Smart TV to home router"",""right"":""Wi-Fi""},{""left"":""Travelling user to cloud"",""right"":""5G""},{""left"":""Business LAN to internet"",""right"":""Fibre-optic""}],""choices"":[""Backbone"",""Fibre-optic"",""5G"",""Wi-Fi"",""Bluetooth""]}","{""pairs"":{""Watch to smartphone"":""Bluetooth"",""Smart TV to home router"":""Wi-Fi"",""Travelling user to cloud"":""5G"",""Business LAN to internet"":""Fibre-optic""}}",Each scenario maps to the most suitable communication medium from CCEA-style questions.,new_original,"U1 DT 2023 Q6(a), 2025 Q8(c) + MS; Network_Technologies_Notes.docx","[""medium_match_media_scenarios""]",published,true
medium,40,match_table,Match each item to the correct term or definition.,"{""pairs"":[{""left"":""Sends LAN data to destination device"",""right"":""Switch""},{""left"":""Forwards data between networks"",""right"":""Router""},{""left"":""Allows physical/wireless network interface"",""right"":""NIC""},{""left"":""Provides central file storage"",""right"":""File server""}],""choices"":[""Switch"",""Router"",""NIC"",""File server"",""Terminator""]}","{""pairs"":{""Sends LAN data to destination device"":""Switch"",""Forwards data between networks"":""Router"",""Allows physical/wireless network interface"":""NIC"",""Provides central file storage"":""File server""}}","Switch, router, NIC, and file server all play separate roles in network operation.",new_original,"U1 DT 2021 Q6, 2023 Q6(b), 2023 Q7(e) + MS; Network_Technologies_Notes.docx","[""medium_match_device_jobs""]",published,true
medium,41,match_table,Match each item to the correct term or definition.,"{""pairs"":[{""left"":""Backbone cable fails"",""right"":""Bus communication fails""},{""left"":""Single workstation fails in star"",""right"":""Other nodes usually continue""},{""left"":""Central device fails in star"",""right"":""Whole star may stop""},{""left"":""Cable/node fails in ring"",""right"":""Ring can be disrupted""}],""choices"":[""No effect on any topology"",""Ring can be disrupted"",""Whole star may stop"",""Other nodes usually continue"",""Bus communication fails""]}","{""pairs"":{""Backbone cable fails"":""Bus communication fails"",""Single workstation fails in star"":""Other nodes usually continue"",""Central device fails in star"":""Whole star may stop"",""Cable/node fails in ring"":""Ring can be disrupted""}}","Bus depends on its backbone, star isolates single workstation faults but depends on the central device, and ring can be disrupted by single faults.",new_original,"U1 DT 2019 Q6(d), 2022 Q7(a), 2023 Q7(b), 2024 Q6(a) + MS; Network_Technologies_Notes.docx","[""medium_match_topology_effects""]",published,true
medium,42,match_table,Match each item to the correct term or definition.,"{""pairs"":[{""left"":""Main cable"",""right"":""Backbone""},{""left"":""End component"",""right"":""Terminator""},{""left"":""Connected device"",""right"":""Node/Workstation""},{""left"":""Typical issue if overloaded"",""right"":""Collisions""}],""choices"":[""Backbone"",""Terminator"",""Node/Workstation"",""Collisions"",""Switch""]}","{""pairs"":{""Main cable"":""Backbone"",""End component"":""Terminator"",""Connected device"":""Node/Workstation"",""Typical issue if overloaded"":""Collisions""}}","A bus network uses a backbone with terminators, connected nodes, and can suffer collisions.",new_original,U1 DT 2023 Q7(b)(c) + MS; Network_Technologies_Notes.docx,"[""medium_match_bus_parts""]",published,true
medium,43,match_table,Match each item to the correct term or definition.,"{""pairs"":[{""left"":""Global network of networks"",""right"":""Internet""},{""left"":""Collection of linked web pages"",""right"":""WWW""},{""left"":""Private organisational network"",""right"":""Intranet""},{""left"":""Physical connected devices online"",""right"":""IoT""}],""choices"":[""LAN"",""IoT"",""Intranet"",""WWW"",""Internet""]}","{""pairs"":{""Global network of networks"":""Internet"",""Collection of linked web pages"":""WWW"",""Private organisational network"":""Intranet"",""Physical connected devices online"":""IoT""}}","Internet is infrastructure, WWW is service/content, intranet is private, and IoT is connected physical devices.",new_original,U1 DT 2025 Q8(a)(b)(c) + MS; Network_Technologies_Notes.docx,"[""medium_match_internet_www""]",published,true
medium,44,match_table,Match each item to the correct term or definition.,"{""pairs"":[{""left"":""Watch to smartphone"",""right"":""Bluetooth""},{""left"":""Smart TV to home router"",""right"":""Wi-Fi""},{""left"":""Travelling user to cloud"",""right"":""5G""},{""left"":""Business LAN to internet"",""right"":""Fibre-optic""}],""choices"":[""Bluetooth"",""Wi-Fi"",""5G"",""Fibre-optic"",""Backbone""]}","{""pairs"":{""Watch to smartphone"":""Bluetooth"",""Smart TV to home router"":""Wi-Fi"",""Travelling user to cloud"":""5G"",""Business LAN to internet"":""Fibre-optic""}}",Each scenario maps to the most suitable communication medium from CCEA-style questions.,new_original,"U1 DT 2023 Q6(a), 2025 Q8(c) + MS; Network_Technologies_Notes.docx","[""medium_match_media_scenarios""]",published,true
medium,45,match_table,Match each item to the correct term or definition.,"{""pairs"":[{""left"":""Sends LAN data to destination device"",""right"":""Switch""},{""left"":""Forwards data between networks"",""right"":""Router""},{""left"":""Allows physical/wireless network interface"",""right"":""NIC""},{""left"":""Provides central file storage"",""right"":""File server""}],""choices"":[""Terminator"",""File server"",""NIC"",""Router"",""Switch""]}","{""pairs"":{""Sends LAN data to destination device"":""Switch"",""Forwards data between networks"":""Router"",""Allows physical/wireless network interface"":""NIC"",""Provides central file storage"":""File server""}}","Switch, router, NIC, and file server all play separate roles in network operation.",new_original,"U1 DT 2021 Q6, 2023 Q6(b), 2023 Q7(e) + MS; Network_Technologies_Notes.docx","[""medium_match_device_jobs""]",published,true
medium,46,drag_drop,Order the typical path from a school workstation to a web server.,"{""items"":[""Workstation/NIC"",""Router"",""Internet"",""Switch"",""Web server""]}","{""order"":[""Workstation/NIC"",""Switch"",""Router"",""Internet"",""Web server""]}",A typical request leaves the LAN via switch and router before reaching internet services.,new_original,Network_Technologies_Notes.docx + U1 DT 2021 Q6 + MS; Network_Technologies_Notes.docx,"[""drag_web_request_path""]",published,true
medium,47,drag_drop,Order a common Bluetooth pairing sequence.,"{""items"":[""Enable Bluetooth on both devices"",""Confirm pairing code"",""Search for nearby devices"",""Select the target device"",""Start audio/data transfer""]}","{""order"":[""Enable Bluetooth on both devices"",""Search for nearby devices"",""Select the target device"",""Confirm pairing code"",""Start audio/data transfer""]}",Bluetooth communication starts only after successful pairing.,new_original,U1 DT 2025 Q8(c) + Notes; Network_Technologies_Notes.docx,"[""drag_bluetooth_pairing""]",published,true
medium,48,drag_drop,Order the setup steps for a basic bus network.,"{""items"":[""Test communication"",""Connect nodes/workstations"",""Lay backbone cable"",""Attach terminators at both ends""]}","{""order"":[""Lay backbone cable"",""Connect nodes/workstations"",""Attach terminators at both ends"",""Test communication""]}",Terminators must be fitted before final communication testing.,new_original,"U1 DT 2023 Q7(c), 2025 Q13 + MS; Network_Technologies_Notes.docx","[""drag_bus_setup""]",published,true
medium,49,drag_drop,Order what happens when data travels on a ring network.,"{""items"":[""Destination workstation receives data"",""Source workstation sends data"",""Data continues around the ring"",""Data moves to the next node""]}","{""order"":[""Source workstation sends data"",""Data moves to the next node"",""Data continues around the ring"",""Destination workstation receives data""]}",Ring traffic passes through nodes around the loop to reach the destination.,new_original,"U1 DT 2022 Q7(a), 2023 Q7(c) + MS; Network_Technologies_Notes.docx","[""drag_ring_flow""]",published,true
medium,50,drag_drop,Order a simple star-network setup and check routine.,"{""items"":[""Test communication from each workstation"",""Verify each cable connection"",""Simulate one workstation failure to check isolation"",""Connect each workstation to central switch/server""]}","{""order"":[""Connect each workstation to central switch/server"",""Verify each cable connection"",""Test communication from each workstation"",""Simulate one workstation failure to check isolation""]}",Star networks should keep working if one workstation fails.,new_original,"U1 DT 2024 Q6(a), 2019 Q6(d) + MS; Network_Technologies_Notes.docx","[""drag_star_checks""]",published,true
medium,51,drag_drop,Order the main steps for connecting a new wired workstation to a LAN.,"{""items"":[""Install/enable NIC"",""Plug into switch"",""Connect Ethernet cable"",""Test network communication""]}","{""order"":[""Install/enable NIC"",""Connect Ethernet cable"",""Plug into switch"",""Test network communication""]}",A wired LAN connection needs a NIC and Ethernet link to a switch before communication tests.,new_original,"U1 DT 2023 Q6(b), Q7(e) + MS; Network_Technologies_Notes.docx","[""drag_wired_lan""]",published,true
medium,52,drag_drop,Order the best process for accessing company cloud files while travelling.,"{""items"":[""Download or edit required files"",""Open cloud service"",""Enable mobile data"",""Connect to 5G service""]}","{""order"":[""Enable mobile data"",""Connect to 5G service"",""Open cloud service"",""Download or edit required files""]}",Travelling access normally depends on mobile data such as 5G before cloud access.,new_original,U1 DT 2023 Q6(a) + MS; Network_Technologies_Notes.docx,"[""drag_cloud_travel""]",published,true
medium,53,drag_drop,Order the steps to connect a smart TV to a home network.,"{""items"":[""Turn on Wi-Fi on the TV"",""Confirm connection and test streaming"",""Enter network credentials"",""Select home network SSID""]}","{""order"":[""Turn on Wi-Fi on the TV"",""Select home network SSID"",""Enter network credentials"",""Confirm connection and test streaming""]}",Home smart TV networking is a Wi-Fi connection process followed by connectivity testing.,new_original,U1 DT 2023 Q6(a) + MS; Network_Technologies_Notes.docx,"[""drag_smart_tv_home""]",published,true
medium,54,drag_drop,Order a sensible response after a bus network stops communicating.,"{""items"":[""Repair/replace faulty cable component"",""Retest communication"",""Inspect terminators at both ends"",""Check whether backbone cable is damaged""]}","{""order"":[""Check whether backbone cable is damaged"",""Inspect terminators at both ends"",""Repair/replace faulty cable component"",""Retest communication""]}",Bus faults are often traced to backbone/terminator issues before retesting.,new_original,U1 DT 2023 Q7(b)(ii)(iii) + MS; Network_Technologies_Notes.docx,"[""drag_bus_fault""]",published,true
medium,55,drag_drop,Order the process for adding a new workstation to a star network.,"{""items"":[""Configure workstation network settings"",""Run cable from new workstation"",""Test communication"",""Connect to central switch/server""]}","{""order"":[""Run cable from new workstation"",""Connect to central switch/server"",""Configure workstation network settings"",""Test communication""]}",Star networks allow device addition via the central point without full shutdown.,new_original,"U1 DT 2024 Q6(a), 2019 Q6(d)(ii) + MS; Network_Technologies_Notes.docx","[""drag_star_expansion""]",published,true
medium,56,drag_drop,Order these statements from infrastructure to service use.,"{""items"":[""Internet provides global connectivity"",""Users view web content"",""Browsers request pages"",""Web servers host linked pages""]}","{""order"":[""Internet provides global connectivity"",""Web servers host linked pages"",""Browsers request pages"",""Users view web content""]}",Internet infrastructure supports web services that users access through browsers.,new_original,U1 DT 2025 Q8(b)(c) + MS; Network_Technologies_Notes.docx,"[""drag_internet_www_logic""]",published,true
medium,57,drag_drop,Order the clues to identify a bus topology in a diagram question.,"{""items"":[""Check nodes connect to that cable"",""Look for terminators at both ends"",""Conclude it is a bus topology"",""Spot one shared main cable""]}","{""order"":[""Spot one shared main cable"",""Check nodes connect to that cable"",""Look for terminators at both ends"",""Conclude it is a bus topology""]}","CCEA bus diagram marking expects backbone, nodes, and terminators.",new_original,U1 DT 2023 Q7(c) + MS; Network_Technologies_Notes.docx,"[""drag_topology_identification""]",published,true
medium,58,drag_drop,Order the data path in a typical wired LAN reaching the internet.,"{""items"":[""Switch forwards packet in LAN"",""Remote service responds"",""Device sends packet via NIC"",""Router forwards packet to internet""]}","{""order"":[""Device sends packet via NIC"",""Switch forwards packet in LAN"",""Router forwards packet to internet"",""Remote service responds""]}",NIC->switch->router is the standard progression from local to external network.,new_original,U1 DT 2021 Q6 + MS; Network_Technologies_Notes.docx,"[""drag_router_switch_roles""]",published,true
medium,59,drag_drop,Order this reasoning chain about why fibre is often chosen.,"{""items"":[""Choose fibre-optic medium"",""Transmit data as light"",""Need high-capacity reliable link"",""Gain high bandwidth and low interference""]}","{""order"":[""Need high-capacity reliable link"",""Choose fibre-optic medium"",""Transmit data as light"",""Gain high bandwidth and low interference""]}",Fibre is selected for high bandwidth and lower interference risk.,new_original,"U1 DT 2022 Q8(d), 2023 Q6(a) + MS; Network_Technologies_Notes.docx","[""drag_fibre_reasoning""]",published,true
medium,60,drag_drop,Order a basic smart-home device connection flow.,"{""items"":[""Send/receive data over internet"",""Power on IoT device"",""Connect device to home network"",""Link device to control app""]}","{""order"":[""Power on IoT device"",""Connect device to home network"",""Link device to control app"",""Send/receive data over internet""]}",IoT devices rely on network connection before they can exchange data online.,new_original,U1 DT 2025 Q8(a) + MS; Network_Technologies_Notes.docx,"[""drag_iot_setup_logic""]",published,true
expert,1,mcq,A school network only covers one building. Which option best describes this network type?,"{""choices"":[""Ring"",""LAN"",""WAN"",""Intranet""]}","{""choice"":""LAN""}",A LAN covers a small geographical area such as one building.,new_original,U1 DT 2024 Q1(c) + MS; Network_Technologies_Notes.docx,"[""scenario_lan"",""expert_scenario""]",published,true
expert,2,mcq,A company links offices in Belfast and Derry. Which option best describes the network type?,"{""choices"":[""LAN"",""WAN"",""Intranet"",""Bus""]}","{""choice"":""WAN""}",A WAN connects networks over large geographical areas.,new_original,U1 DT 2024 Q1(b) + MS; Network_Technologies_Notes.docx,"[""scenario_wan"",""expert_scenario""]",published,true
expert,3,mcq,"Staff can access an internal site, but the public cannot. Which option is correct?","{""choices"":[""Internet"",""Intranet"",""IoT"",""WWW""]}","{""choice"":""Intranet""}",An intranet is a private organisational network for authorised users.,new_original,U1 DT 2019 Q6(a)(iii) + MS; Network_Technologies_Notes.docx,"[""scenario_intranet"",""expert_scenario""]",published,true
expert,4,mcq,A student opens linked pages in a browser. Which option names this service running on the internet?,"{""choices"":[""Router"",""LAN"",""Backbone"",""World Wide Web""]}","{""choice"":""World Wide Web""}",The World Wide Web is a collection of linked pages on web servers.,new_original,U1 DT 2025 Q8(b)(c) + MS; Network_Technologies_Notes.docx,"[""scenario_www"",""expert_scenario""]",published,true
expert,5,mcq,A smart thermostat sends data online so it can be monitored remotely. Which option describes this?,"{""choices"":[""Bus topology"",""IoT"",""WAN"",""Intranet""]}","{""choice"":""IoT""}",IoT refers to physical devices connected to the internet.,new_original,U1 DT 2025 Q8(a) + MS; Network_Technologies_Notes.docx,"[""scenario_iot"",""expert_scenario""]",published,true
expert,6,mcq,A student links wireless headphones to a phone. Which option is the most suitable communication technology?,"{""choices"":[""Bluetooth"",""Fibre-optic"",""5G"",""Wi-Fi""]}","{""choice"":""Bluetooth""}",Bluetooth is designed for short-range personal device links.,new_original,"U1 DT 2023 Q6(a), 2025 Q8(c) + MS; Network_Technologies_Notes.docx","[""scenario_bluetooth"",""expert_scenario""]",published,true
expert,7,mcq,A smart TV is being connected to the home network in the living room. Which option is best?,"{""choices"":[""Bluetooth"",""Wi-Fi"",""5G"",""Backbone cable""]}","{""choice"":""Wi-Fi""}",Wi-Fi is the typical medium for local wireless network access.,new_original,U1 DT 2023 Q6(a) + MS; Network_Technologies_Notes.docx,"[""scenario_wifi"",""expert_scenario""]",published,true
expert,8,mcq,An employee needs cloud files while travelling between sites. Which option is most suitable?,"{""choices"":[""Bluetooth"",""Terminator"",""Wi-Fi"",""5G""]}","{""choice"":""5G""}",5G is used for mobile data access away from fixed networks.,new_original,U1 DT 2023 Q6(a) + MS; Network_Technologies_Notes.docx,"[""scenario_5g"",""expert_scenario""]",published,true
expert,9,mcq,A business needs a high-capacity fixed link from LAN to internet. Which option is most suitable?,"{""choices"":[""Wi-Fi"",""Bluetooth"",""Fibre-optic"",""5G""]}","{""choice"":""Fibre-optic""}",Fibre-optic is commonly used for high-capacity fixed connectivity.,new_original,U1 DT 2023 Q6(a) + MS; Network_Technologies_Notes.docx,"[""scenario_fibre"",""expert_scenario""]",published,true
expert,10,mcq,A school must connect its internal network to the internet. Which device option is required?,"{""choices"":[""Router"",""Switch"",""NIC"",""Terminator""]}","{""choice"":""Router""}",A router connects networks and forwards packets between them.,new_original,"U1 DT 2021 Q6(2), 2023 Q6(b) + MS; Network_Technologies_Notes.docx","[""scenario_router"",""expert_scenario""]",published,true
expert,11,mcq,"In a wired LAN, each workstation needs to connect to a central LAN device. Which option is correct?","{""choices"":[""File server"",""Router"",""Backbone"",""Switch""]}","{""choice"":""Switch""}","On a wired network, each device connects to a switch using Ethernet cables.",new_original,U1 DT 2023 Q6(b) + MS; Network_Technologies_Notes.docx,"[""scenario_switch"",""expert_scenario""]",published,true
expert,12,mcq,A computer cannot join the network until one hardware component is present. Which option is it?,"{""choices"":[""NIC"",""WAN"",""Router"",""Terminator""]}","{""choice"":""NIC""}",A NIC is needed for a device to connect and communicate on a network.,new_original,U1 DT 2023 Q7(e) + MS; Network_Technologies_Notes.docx,"[""scenario_nic"",""expert_scenario""]",published,true
expert,13,mcq,A school wants central storage so all staff can access shared files. Which option is best?,"{""choices"":[""Router"",""NIC"",""Switch"",""File server""]}","{""choice"":""File server""}",A file server stores shared files for network users.,new_original,U1 DT 2021 Q6(1) + MS; Network_Technologies_Notes.docx,"[""scenario_file_server"",""expert_scenario""]",published,true
expert,14,mcq,"In a bus topology, the main cable breaks. Which option best describes what happens next?","{""choices"":[""Network becomes a ring automatically"",""Performance improves"",""Only one workstation is affected"",""Communication across the bus network fails""]}","{""choice"":""Communication across the bus network fails""}","If the backbone cable fails, communication on a bus network can fail.",new_original,U1 DT 2023 Q7(b)(ii) + MS; Network_Technologies_Notes.docx,"[""scenario_bus_failure"",""expert_scenario""]",published,true
expert,15,mcq,A teacher labels both ends of a bus cable. Which option explains the role of these end components?,"{""choices"":[""They store shared files"",""They route internet traffic"",""They stop signal bounce/return on the cable"",""They increase wireless range""]}","{""choice"":""They stop signal bounce/return on the cable""}",Terminators absorb the signal and reduce bounce/collision issues.,new_original,U1 DT 2023 Q7(b)(iii) + MS; Network_Technologies_Notes.docx,"[""scenario_terminator"",""expert_scenario""]",published,true
expert,16,mcq,One workstation in a star network fails. Which option is most accurate?,"{""choices"":[""Other workstations can usually continue"",""Whole network always stops"",""Network turns into bus topology"",""Backbone cable fails""]}","{""choice"":""Other workstations can usually continue""}","In star topology, single workstation failures are often isolated.",new_original,"U1 DT 2024 Q6(a), 2019 Q6(d)(ii) + MS; Network_Technologies_Notes.docx","[""scenario_star_advantage"",""expert_scenario""]",published,true
expert,17,mcq,The central switch/server in a star topology fails. Which option is most accurate?,"{""choices"":[""It improves security"",""The network can fail because the central point is critical"",""No effect on communication"",""Only one workstation fails""]}","{""choice"":""The network can fail because the central point is critical""}",A star network depends on the central device.,new_original,"U1 DT 2019 Q6(d)(iii), 2024 Q6(a) + MS; Network_Technologies_Notes.docx","[""scenario_star_disadvantage"",""expert_scenario""]",published,true
expert,18,mcq,A node or cable fails in a ring network. Which option best matches this risk?,"{""choices"":[""The ring can be disrupted"",""No disruption because there is a central controller"",""Terminators absorb the issue"",""Only one device is affected for sure""]}","{""choice"":""The ring can be disrupted""}",Ring communication can be disrupted by a single node/cable failure.,new_original,U1 DT 2022 Q7(a)(ii) + MS; Network_Technologies_Notes.docx,"[""scenario_ring_disadvantage"",""expert_scenario""]",published,true
expert,19,mcq,Which option correctly distinguishes internet and World Wide Web?,"{""choices"":[""WWW is the physical cable network"",""Internet is the network; WWW is an application/service running on it"",""Both terms mean the same thing"",""Internet is only email""]}","{""choice"":""Internet is the network; WWW is an application/service running on it""}",CCEA expects internet infrastructure and WWW service to be distinguished.,new_original,U1 DT 2025 Q8(c) + MS; Network_Technologies_Notes.docx,"[""scenario_internet_www_compare"",""expert_scenario""]",published,true
expert,20,mcq,A student is labelling a bus topology diagram. Which option lists essential labels?,"{""choices"":[""Switch and ring token"",""Nodes/workstations, backbone cable, terminators at both ends"",""One workstation only"",""Router and cloud only""]}","{""choice"":""Nodes/workstations, backbone cable, terminators at both ends""}","Bus diagram marking points include nodes, backbone, and two terminators.",new_original,U1 DT 2023 Q7(c) + MS; Network_Technologies_Notes.docx,"[""scenario_bus_labels"",""expert_scenario""]",published,true
expert,21,mcq,Which option about fibre-optic transmission is correct?,"{""choices"":[""It transmits data as electrical signals only"",""It cannot carry network data"",""It transmits data using light"",""It is a wireless medium""]}","{""choice"":""It transmits data using light""}",Fibre-optic data is carried as pulses of light.,new_original,U1 DT 2022 Q8(d) + MS; Network_Technologies_Notes.docx,"[""scenario_fibre_signals"",""expert_scenario""]",published,true
expert,22,mcq,A company needs a high-bandwidth medium. Which option is most suitable from this topic?,"{""choices"":[""Bus topology"",""Intranet"",""Fibre-optic"",""Bluetooth""]}","{""choice"":""Fibre-optic""}",Fibre-optic cable has high bandwidth.,new_original,"U1 DT 2022 Q8(d), 2023 Q6(a) + MS; Network_Technologies_Notes.docx","[""scenario_fibre_bandwidth"",""expert_scenario""]",published,true
expert,23,mcq,Which option best describes interception risk on fibre compared with copper?,"{""choices"":[""Both are always equally easy to intercept"",""Fibre is generally harder to intercept"",""Fibre is easier to intercept"",""Interception depends only on topology name""]}","{""choice"":""Fibre is generally harder to intercept""}",CCEA mark schemes accept that fibre is generally harder to intercept than copper.,new_original,U1 DT 2022 Q8(d) + MS; Network_Technologies_Notes.docx,"[""scenario_fibre_intercept"",""expert_scenario""]",published,true
expert,24,mcq,A school asks why computers should be networked. Which option gives a valid advantage?,"{""choices"":[""Guarantee no failures"",""Eliminate all maintenance"",""Share files/hardware and communicate"",""Remove need for updates""]}","{""choice"":""Share files/hardware and communicate""}",Networking advantages include sharing resources and communication.,new_original,"U1 DT 2019 Q6(a)(ii), 2025 Q8(d) + MS; Network_Technologies_Notes.docx","[""scenario_network_advantage"",""expert_scenario""]",published,true
expert,25,mcq,A diagram shows all nodes connected to one backbone cable with terminators at both ends. Which option is correct?,"{""choices"":[""Ring topology"",""Star topology"",""WAN"",""Bus topology""]}","{""choice"":""Bus topology""}",This is the defining structure of a bus topology.,new_original,U1 DT 2023 Q7(b)(i)(c) + MS; Network_Technologies_Notes.docx,"[""scenario_topology_name"",""expert_scenario""]",published,true
expert,26,diagram_label,"In this star-network diagram, which option best identifies number 1?","{""diagram_key"":""star_topology"",""marker"":""1"",""choices"":[""Terminator"",""Workstation"",""Backbone cable"",""Router""]}","{""choice"":""Workstation"",""accepted"":[""Workstation"",""workstation""]}",Marker 1 marks an end-user workstation in the star diagram.,new_original,U1 DT 2019 Q6(d)(i) + MS; Network_Technologies_Notes.docx,"[""diagram_star_ws"",""diagram_star_topology"",""diagram_label""]",published,true
expert,27,diagram_label,"In this star-network diagram, which option best identifies number 2?","{""diagram_key"":""star_topology"",""marker"":""2"",""choices"":[""Router"",""Switch/Server"",""Terminator"",""Intranet""]}","{""choice"":""Switch/Server"",""accepted"":[""Switch/Server"",""switch/server""]}",Marker 2 is the central switch/server in a star topology.,new_original,"U1 DT 2019 Q6(d)(i), 2024 Q6(a) + MS; Network_Technologies_Notes.docx","[""diagram_star_central"",""diagram_star_topology"",""diagram_label""]",published,true
expert,28,diagram_label,"In this star-network diagram, which option best identifies number 3?","{""diagram_key"":""star_topology"",""marker"":""3"",""choices"":[""Printer"",""Router"",""Backbone cable"",""NIC""]}","{""choice"":""Printer"",""accepted"":[""Printer"",""printer""]}",Marker 3 points to a shared network printer.,new_original,U1 DT 2019 Q6(d)(i) + MS; Network_Technologies_Notes.docx,"[""diagram_star_printer"",""diagram_star_topology"",""diagram_label""]",published,true
expert,29,diagram_label,"In this star-network diagram, which option best identifies number 4?","{""diagram_key"":""star_topology"",""marker"":""4"",""choices"":[""WAN"",""Terminator"",""Cable"",""WWW""]}","{""choice"":""Cable"",""accepted"":[""Cable"",""cable""]}",Marker 4 indicates the physical cable link in the star.,new_original,U1 DT 2019 Q6(d)(i) + MS; Network_Technologies_Notes.docx,"[""diagram_star_cable"",""diagram_star_topology"",""diagram_label""]",published,true
expert,30,diagram_label,"In this bus-network diagram, which option best identifies number 1?","{""diagram_key"":""bus_topology"",""marker"":""1"",""choices"":[""Router"",""NIC"",""Terminator"",""Switch""]}","{""choice"":""Terminator"",""accepted"":[""Terminator"",""terminator""]}",Marker 1 labels the end component that absorbs signals on a bus cable.,new_original,U1 DT 2023 Q7(b)(iii) + MS; Network_Technologies_Notes.docx,"[""diagram_bus_terminator"",""diagram_bus_topology"",""diagram_label""]",published,true
expert,31,diagram_label,"In this bus-network diagram, which option best identifies number 2?","{""diagram_key"":""bus_topology"",""marker"":""2"",""choices"":[""Ring cable"",""Switch"",""5G link"",""Backbone cable""]}","{""choice"":""Backbone cable"",""accepted"":[""Backbone cable"",""backbone cable""]}",Marker 2 is the main shared cable in bus topology.,new_original,U1 DT 2023 Q7(b)(c) + MS; Network_Technologies_Notes.docx,"[""diagram_bus_backbone"",""diagram_bus_topology"",""diagram_label""]",published,true
expert,32,diagram_label,"In this bus-network diagram, which option best identifies number 3?","{""diagram_key"":""bus_topology"",""marker"":""3"",""choices"":[""Node/Workstation"",""Backbone cable"",""Terminator"",""Router""]}","{""choice"":""Node/Workstation"",""accepted"":[""Node/Workstation"",""node/workstation""]}",Marker 3 points to a connected node/workstation.,new_original,U1 DT 2023 Q7(c) + MS; Network_Technologies_Notes.docx,"[""diagram_bus_node"",""diagram_bus_topology"",""diagram_label""]",published,true
expert,33,diagram_label,"In this ring-network diagram, which option best identifies number 1?","{""diagram_key"":""ring_topology"",""marker"":""1"",""choices"":[""Backbone cable"",""File server"",""Node/Workstation"",""Terminator""]}","{""choice"":""Node/Workstation"",""accepted"":[""Node/Workstation"",""node/workstation""]}",Marker 1 identifies a workstation/node in the ring.,new_original,U1 DT 2022 Q7(a) + MS; Network_Technologies_Notes.docx,"[""diagram_ring_node"",""diagram_ring_topology"",""diagram_label""]",published,true
expert,34,diagram_label,"In this ring-network diagram, which option best identifies number 2?","{""diagram_key"":""ring_topology"",""marker"":""2"",""choices"":[""Ring data path/cable"",""Switch"",""Router"",""NIC""]}","{""choice"":""Ring data path/cable"",""accepted"":[""Ring data path/cable"",""ring data path/cable""]}",Marker 2 marks the loop path used for ring communication.,new_original,"U1 DT 2022 Q7(a), 2023 Q7(c) + MS; Network_Technologies_Notes.docx","[""diagram_ring_path"",""diagram_ring_topology"",""diagram_label""]",published,true
expert,35,diagram_label,"In this ring-network diagram, which option best identifies number 3?","{""diagram_key"":""ring_topology"",""marker"":""3"",""choices"":[""Central switch control"",""Wireless broadcast only"",""Data passes node to node"",""Backbone terminator""]}","{""choice"":""Data passes node to node"",""accepted"":[""Data passes node to node"",""data passes node to node""]}",Ring communication passes data between nodes around the loop.,new_original,"U1 DT 2022 Q7(a), 2023 Q7(c) + MS; Network_Technologies_Notes.docx","[""diagram_ring_flow"",""diagram_ring_topology"",""diagram_label""]",published,true
expert,36,diagram_label,"In this LAN-to-internet path diagram, which option best identifies number 1?","{""diagram_key"":""lan_internet_path"",""marker"":""1"",""choices"":[""Workstation/NIC"",""Internet"",""Terminator"",""Router""]}","{""choice"":""Workstation/NIC"",""accepted"":[""Workstation/NIC"",""workstation/nic""]}",Marker 1 marks the source device and network interface.,new_original,"U1 DT 2021 Q6, 2023 Q7(e) + MS; Network_Technologies_Notes.docx","[""diagram_path_nic"",""diagram_lan_internet_path"",""diagram_label""]",published,true
expert,37,diagram_label,"In this LAN-to-internet path diagram, which option best identifies number 2?","{""diagram_key"":""lan_internet_path"",""marker"":""2"",""choices"":[""Backbone cable"",""Router"",""Switch"",""Intranet""]}","{""choice"":""Switch"",""accepted"":[""Switch"",""switch""]}",Marker 2 labels the switch handling LAN traffic.,new_original,"U1 DT 2021 Q6(1), 2023 Q6(b) + MS; Network_Technologies_Notes.docx","[""diagram_path_switch"",""diagram_lan_internet_path"",""diagram_label""]",published,true
expert,38,diagram_label,"In this LAN-to-internet path diagram, which option best identifies number 3?","{""diagram_key"":""lan_internet_path"",""marker"":""3"",""choices"":[""Router"",""NIC"",""Switch"",""Terminator""]}","{""choice"":""Router"",""accepted"":[""Router"",""router""]}",Marker 3 labels the router connecting LAN to internet.,new_original,"U1 DT 2021 Q6(2), 2023 Q6(b) + MS; Network_Technologies_Notes.docx","[""diagram_path_router"",""diagram_lan_internet_path"",""diagram_label""]",published,true
expert,39,diagram_label,"In this LAN-to-internet path diagram, which option best identifies number 4?","{""diagram_key"":""lan_internet_path"",""marker"":""4"",""choices"":[""Intranet"",""Bus backbone"",""Internet/Web server"",""Bluetooth""]}","{""choice"":""Internet/Web server"",""accepted"":[""Internet/Web server"",""internet/web server""]}",Marker 4 is the external internet service destination.,new_original,"U1 DT 2025 Q8(b)(c), 2021 Q6 + MS; Network_Technologies_Notes.docx","[""diagram_path_internet"",""diagram_lan_internet_path"",""diagram_label""]",published,true
expert,40,diagram_label,"In this communication-media diagram, which option best identifies number 1?","{""diagram_key"":""media_links"",""marker"":""1"",""choices"":[""Wi-Fi link"",""5G link"",""Fibre-optic link"",""Bluetooth link""]}","{""choice"":""Bluetooth link"",""accepted"":[""Bluetooth link"",""bluetooth link""]}",Marker 1 is the phone-to-headphones short-range connection.,new_original,"U1 DT 2023 Q6(a), 2025 Q8(c) + MS; Network_Technologies_Notes.docx","[""diagram_media_bluetooth"",""diagram_media_links"",""diagram_label""]",published,true
expert,41,diagram_label,"In this communication-media diagram, which option best identifies number 2?","{""diagram_key"":""media_links"",""marker"":""2"",""choices"":[""Wi-Fi link"",""5G link"",""Backbone cable"",""Bluetooth link""]}","{""choice"":""Wi-Fi link"",""accepted"":[""Wi-Fi link"",""wi-fi link""]}",Marker 2 shows home smart-TV local wireless access.,new_original,U1 DT 2023 Q6(a) + MS; Network_Technologies_Notes.docx,"[""diagram_media_wifi"",""diagram_media_links"",""diagram_label""]",published,true
expert,42,diagram_label,"In this communication-media diagram, which option best identifies number 3?","{""diagram_key"":""media_links"",""marker"":""3"",""choices"":[""Bluetooth link"",""Terminator"",""5G link"",""Wi-Fi link""]}","{""choice"":""5G link"",""accepted"":[""5G link"",""5g link""]}",Marker 3 indicates travelling mobile cloud access.,new_original,U1 DT 2023 Q6(a) + MS; Network_Technologies_Notes.docx,"[""diagram_media_5g"",""diagram_media_links"",""diagram_label""]",published,true
expert,43,diagram_label,"In this communication-media diagram, which option best identifies number 4?","{""diagram_key"":""media_links"",""marker"":""4"",""choices"":[""5G link"",""Bluetooth link"",""Fibre-optic link"",""Wi-Fi link""]}","{""choice"":""Fibre-optic link"",""accepted"":[""Fibre-optic link"",""fibre-optic link""]}",Marker 4 marks business LAN fixed high-capacity internet link.,new_original,U1 DT 2023 Q6(a) + MS; Network_Technologies_Notes.docx,"[""diagram_media_fibre"",""diagram_media_links"",""diagram_label""]",published,true
expert,44,diagram_label,"In this fibre-properties diagram, which option best identifies number 1?","{""diagram_key"":""fibre_properties"",""marker"":""1"",""choices"":[""No signal transmission"",""Data carried as light"",""Wireless radio broadcast"",""Data carried as electricity""]}","{""choice"":""Data carried as light"",""accepted"":[""Data carried as light"",""data carried as light""]}",Fibre-optic transmits data using pulses of light.,new_original,U1 DT 2022 Q8(d) + MS; Network_Technologies_Notes.docx,"[""diagram_fibre_light"",""diagram_fibre_properties"",""diagram_label""]",published,true
expert,45,diagram_label,"In this fibre-properties diagram, which option best identifies number 2?","{""diagram_key"":""fibre_properties"",""marker"":""2"",""choices"":[""Low bandwidth"",""No network capacity"",""Topology name"",""High bandwidth""]}","{""choice"":""High bandwidth"",""accepted"":[""High bandwidth"",""high bandwidth""]}",A key fibre property is high bandwidth.,new_original,U1 DT 2022 Q8(d) + MS; Network_Technologies_Notes.docx,"[""diagram_fibre_bandwidth"",""diagram_fibre_properties"",""diagram_label""]",published,true
expert,46,match_table,Match each item to the correct term or definition.,"{""pairs"":[{""left"":""One workstation fails, others still run"",""right"":""Star advantage""},{""left"":""All communication stops after one main cable break"",""right"":""Bus disadvantage""},{""left"":""No central controller, node fault disrupts traffic"",""right"":""Ring disadvantage""},{""left"":""Central device failure causes full outage"",""right"":""Star disadvantage""}],""choices"":[""Star advantage"",""Bus disadvantage"",""Ring disadvantage"",""Star disadvantage"",""WAN advantage""]}","{""pairs"":{""One workstation fails, others still run"":""Star advantage"",""All communication stops after one main cable break"":""Bus disadvantage"",""No central controller, node fault disrupts traffic"":""Ring disadvantage"",""Central device failure causes full outage"":""Star disadvantage""}}",These are standard topology reasoning points from CCEA mark schemes.,new_original,"U1 DT 2019 Q6, 2022 Q7(a), 2024 Q6(a) + MS; Network_Technologies_Notes.docx","[""expert_match_failure_reasoning""]",published,true
expert,47,match_table,Match each item to the correct term or definition.,"{""pairs"":[{""left"":""Main cable in a bus diagram"",""right"":""Backbone""},{""left"":""Label at each bus cable end"",""right"":""Terminator""},{""left"":""Central device in star diagram"",""right"":""Switch/Server""},{""left"":""Network card in a workstation"",""right"":""NIC""}],""choices"":[""WAN"",""NIC"",""Switch/Server"",""Terminator"",""Backbone""]}","{""pairs"":{""Main cable in a bus diagram"":""Backbone"",""Label at each bus cable end"":""Terminator"",""Central device in star diagram"":""Switch/Server"",""Network card in a workstation"":""NIC""}}",Correct diagram labels depend on topology structure and device function.,new_original,"U1 DT 2019 Q6(d), 2023 Q7(c), 2025 Q13 + MS; Network_Technologies_Notes.docx","[""expert_match_diagram_roles""]",published,true
expert,48,match_table,Match each item to the correct term or definition.,"{""pairs"":[{""left"":""Carries data as light"",""right"":""Fibre-optic""},{""left"":""Supports high bandwidth"",""right"":""Fibre-optic""},{""left"":""Lower interference risk"",""right"":""Fibre-optic""},{""left"":""Harder to intercept than copper"",""right"":""Fibre-optic""}],""choices"":[""Fibre-optic"",""Bluetooth"",""Wi-Fi"",""5G""]}","{""pairs"":{""Carries data as light"":""Fibre-optic"",""Supports high bandwidth"":""Fibre-optic"",""Lower interference risk"":""Fibre-optic"",""Harder to intercept than copper"":""Fibre-optic""}}",All four statements are fibre-optic properties from the CCEA true/false style content.,new_original,U1 DT 2022 Q8(d) + MS; Network_Technologies_Notes.docx,"[""expert_match_inference""]",published,true
expert,49,match_table,Match each item to the correct term or definition.,"{""pairs"":[{""left"":""Staff-only internal website"",""right"":""Intranet""},{""left"":""Global public infrastructure"",""right"":""Internet""},{""left"":""Linked pages viewed in browser"",""right"":""WWW""},{""left"":""Physical connected devices"",""right"":""IoT""}],""choices"":[""LAN"",""IoT"",""WWW"",""Internet"",""Intranet""]}","{""pairs"":{""Staff-only internal website"":""Intranet"",""Global public infrastructure"":""Internet"",""Linked pages viewed in browser"":""WWW"",""Physical connected devices"":""IoT""}}","These terms are often confused, so expert level requires precise distinction.",new_original,"U1 DT 2019 Q6(a)(iii), 2025 Q8(a)(b)(c) + MS; Network_Technologies_Notes.docx","[""expert_match_task_selection""]",published,true
expert,50,match_table,Match each item to the correct term or definition.,"{""pairs"":[{""left"":""Connect mobile phone to wireless headphones"",""right"":""Bluetooth""},{""left"":""Connect smart TV to home network"",""right"":""Wi-Fi""},{""left"":""Access company files while travelling"",""right"":""5G""},{""left"":""Connect business LAN to internet"",""right"":""Fibre-optic""}],""choices"":[""Bluetooth"",""Wi-Fi"",""5G"",""Fibre-optic"",""Terminator""]}","{""pairs"":{""Connect mobile phone to wireless headphones"":""Bluetooth"",""Connect smart TV to home network"":""Wi-Fi"",""Access company files while travelling"":""5G"",""Connect business LAN to internet"":""Fibre-optic""}}","Expert level still uses objective mapping, but with realistic mixed scenarios.",new_original,"U1 DT 2023 Q6(a), 2025 Q8(c) + MS; Network_Technologies_Notes.docx","[""expert_match_network_design""]",published,true
expert,51,match_table,Match each item to the correct term or definition.,"{""pairs"":[{""left"":""One workstation fails, others still run"",""right"":""Star advantage""},{""left"":""All communication stops after one main cable break"",""right"":""Bus disadvantage""},{""left"":""No central controller, node fault disrupts traffic"",""right"":""Ring disadvantage""},{""left"":""Central device failure causes full outage"",""right"":""Star disadvantage""}],""choices"":[""WAN advantage"",""Star disadvantage"",""Ring disadvantage"",""Bus disadvantage"",""Star advantage""]}","{""pairs"":{""One workstation fails, others still run"":""Star advantage"",""All communication stops after one main cable break"":""Bus disadvantage"",""No central controller, node fault disrupts traffic"":""Ring disadvantage"",""Central device failure causes full outage"":""Star disadvantage""}}",These are standard topology reasoning points from CCEA mark schemes.,new_original,"U1 DT 2019 Q6, 2022 Q7(a), 2024 Q6(a) + MS; Network_Technologies_Notes.docx","[""expert_match_failure_reasoning""]",published,true
expert,52,match_table,Match each item to the correct term or definition.,"{""pairs"":[{""left"":""Main cable in a bus diagram"",""right"":""Backbone""},{""left"":""Label at each bus cable end"",""right"":""Terminator""},{""left"":""Central device in star diagram"",""right"":""Switch/Server""},{""left"":""Network card in a workstation"",""right"":""NIC""}],""choices"":[""Backbone"",""Terminator"",""Switch/Server"",""NIC"",""WAN""]}","{""pairs"":{""Main cable in a bus diagram"":""Backbone"",""Label at each bus cable end"":""Terminator"",""Central device in star diagram"":""Switch/Server"",""Network card in a workstation"":""NIC""}}",Correct diagram labels depend on topology structure and device function.,new_original,"U1 DT 2019 Q6(d), 2023 Q7(c), 2025 Q13 + MS; Network_Technologies_Notes.docx","[""expert_match_diagram_roles""]",published,true
expert,53,match_table,Match each item to the correct term or definition.,"{""pairs"":[{""left"":""Carries data as light"",""right"":""Fibre-optic""},{""left"":""Supports high bandwidth"",""right"":""Fibre-optic""},{""left"":""Lower interference risk"",""right"":""Fibre-optic""},{""left"":""Harder to intercept than copper"",""right"":""Fibre-optic""}],""choices"":[""5G"",""Wi-Fi"",""Bluetooth"",""Fibre-optic""]}","{""pairs"":{""Carries data as light"":""Fibre-optic"",""Supports high bandwidth"":""Fibre-optic"",""Lower interference risk"":""Fibre-optic"",""Harder to intercept than copper"":""Fibre-optic""}}",All four statements are fibre-optic properties from the CCEA true/false style content.,new_original,U1 DT 2022 Q8(d) + MS; Network_Technologies_Notes.docx,"[""expert_match_inference""]",published,true
expert,54,match_table,Match each item to the correct term or definition.,"{""pairs"":[{""left"":""Staff-only internal website"",""right"":""Intranet""},{""left"":""Global public infrastructure"",""right"":""Internet""},{""left"":""Linked pages viewed in browser"",""right"":""WWW""},{""left"":""Physical connected devices"",""right"":""IoT""}],""choices"":[""Intranet"",""Internet"",""WWW"",""IoT"",""LAN""]}","{""pairs"":{""Staff-only internal website"":""Intranet"",""Global public infrastructure"":""Internet"",""Linked pages viewed in browser"":""WWW"",""Physical connected devices"":""IoT""}}","These terms are often confused, so expert level requires precise distinction.",new_original,"U1 DT 2019 Q6(a)(iii), 2025 Q8(a)(b)(c) + MS; Network_Technologies_Notes.docx","[""expert_match_task_selection""]",published,true
expert,55,match_table,Match each item to the correct term or definition.,"{""pairs"":[{""left"":""Connect mobile phone to wireless headphones"",""right"":""Bluetooth""},{""left"":""Connect smart TV to home network"",""right"":""Wi-Fi""},{""left"":""Access company files while travelling"",""right"":""5G""},{""left"":""Connect business LAN to internet"",""right"":""Fibre-optic""}],""choices"":[""Terminator"",""Fibre-optic"",""5G"",""Wi-Fi"",""Bluetooth""]}","{""pairs"":{""Connect mobile phone to wireless headphones"":""Bluetooth"",""Connect smart TV to home network"":""Wi-Fi"",""Access company files while travelling"":""5G"",""Connect business LAN to internet"":""Fibre-optic""}}","Expert level still uses objective mapping, but with realistic mixed scenarios.",new_original,"U1 DT 2023 Q6(a), 2025 Q8(c) + MS; Network_Technologies_Notes.docx","[""expert_match_network_design""]",published,true
expert,56,drag_drop,Order the best troubleshooting sequence for a complete bus network outage.,"{""items"":[""Confirm all nodes lost communication"",""Check both terminators are fitted"",""Replace faulty segment/component"",""Inspect backbone cable continuity"",""Retest end-to-end communication""]}","{""order"":[""Confirm all nodes lost communication"",""Inspect backbone cable continuity"",""Check both terminators are fitted"",""Replace faulty segment/component"",""Retest end-to-end communication""]}",A bus-wide outage usually points first to backbone or terminator faults.,new_original,U1 DT 2023 Q7(b)(ii)(iii) + MS; Network_Technologies_Notes.docx,"[""expert_drag_bus_outage""]",published,true
expert,57,drag_drop,Order the decision process for connecting a new school building to the existing network.,"{""items"":[""Recognise distance exceeds one-building LAN scope"",""Test inter-building communication"",""Select WAN-style inter-site connection"",""Use router links between sites"",""Verify shared resources across sites""]}","{""order"":[""Recognise distance exceeds one-building LAN scope"",""Select WAN-style inter-site connection"",""Use router links between sites"",""Test inter-building communication"",""Verify shared resources across sites""]}",Inter-building expansion needs network-type and routing decisions before validation.,new_original,"U1 DT 2024 Q1(b)(c), 2021 Q6 + MS; Network_Technologies_Notes.docx","[""expert_drag_school_extension""]",published,true
expert,58,drag_drop,Order the matching logic for choosing communication media in mixed scenarios.,"{""items"":[""Identify short-range personal device task"",""Map home LAN device access to Wi-Fi"",""Map to 5G"",""Map to Bluetooth"",""Identify travelling cloud-access task""]}","{""order"":[""Identify short-range personal device task"",""Map to Bluetooth"",""Identify travelling cloud-access task"",""Map to 5G"",""Map home LAN device access to Wi-Fi""]}",Expert tasks require selecting media by scenario constraints rather than memorising terms.,new_original,"U1 DT 2023 Q6(a), 2025 Q8(c) + MS; Network_Technologies_Notes.docx","[""expert_drag_media_selection""]",published,true
expert,59,drag_drop,Order this reasoning process for selecting a robust topology for a school lab.,"{""items"":[""Test that one workstation fault does not stop others"",""Need fault isolation for single workstation failures"",""Connect all devices to central switch"",""Choose star topology structure"",""Document central-device failure risk""]}","{""order"":[""Need fault isolation for single workstation failures"",""Choose star topology structure"",""Connect all devices to central switch"",""Test that one workstation fault does not stop others"",""Document central-device failure risk""]}",Star gives isolation benefits but still has a central point dependency.,new_original,"U1 DT 2019 Q6(d), 2024 Q6(a) + MS; Network_Technologies_Notes.docx","[""expert_drag_topology_choice""]",published,true
expert,60,drag_drop,Order the analysis of a ring network failure where traffic stops.,"{""items"":[""Restore loop continuity"",""Locate break/fault point in loop"",""Check each ring cable segment and node"",""Retest full ring data flow"",""Identify loss of node-to-node circulation""]}","{""order"":[""Identify loss of node-to-node circulation"",""Check each ring cable segment and node"",""Locate break/fault point in loop"",""Restore loop continuity"",""Retest full ring data flow""]}",Ring communication depends on a complete loop path through nodes.,new_original,"U1 DT 2022 Q7(a)(ii), 2023 Q7(c) + MS; Network_Technologies_Notes.docx","[""expert_drag_ring_fault""]",published,true
